{"cameraMode":{"drawMode":0,"name":"Shaded","section":"Shading Mode"},"sceneLighting":true,"audioPlay":false,"sceneViewState":{"showFog":true,"showMaterialUpdate":false,"showSkybox":true,"showFlares":true,"showImageEffects":true,"showParticleSystems":true},"in2DMode":false,"pivot":{"x":0.734656035900116,"y":-0.07517087459564209,"z":-1.7521471977233887},"rotation":{"x":0.11847764253616333,"y":-0.10258004814386368,"z":0.012306255288422108,"w":0.9875693321228027},"size":3.59157133102417,"orthographic":false}